,Predictor or Set of Predictors,Standardized Dominance with OCCP & INDP
0,occupation_industry,0.5569761319329062
1,age,0.13326573845101986
2,time_worked,0.08665778426391345
3,major,0.08383060455183802
4,sex_parenthood,0.07959424269712162
5,state,0.04875798919398556
6,ethnicity,0.010917508909215294
7,TOTAL,1.0
8,% Variance Explained (R²),0.39199268902075773
9,N,1359014
