,Predictor or Set of Predictors,Standardized Dominance
0,WKHP,0.45571027772226386
1,AGEP,0.17344644176041998
2,AGE-SQUARED,0.12900444345352124
3,SEX_Male,0.10940138987354044
4,NOC,0.1042780624069532
5,HISP_non-Hispanic,0.024398087105957103
6,WKWN,0.003761297677344201
7,TOTAL,1.0
8,% Variance Explained (R²),0.17658885943897437
9,N,26653
