,Predictor or Set of Predictors,Standardized Dominance
0,age,0.25786385860802047
1,major,0.24075541051222107
2,sex_parenthood,0.18731347863432338
3,time_worked,0.18675866212560013
4,state,0.09995098704298704
5,ethnicity,0.027357603076847946
6,TOTAL,1.0
7,% Variance Explained (R²),0.2299449906579888
8,N,1359014
