,Predictor or Set of Predictors,Standardized Dominance
0,WKHP,0.45538892884262244
1,AGEP,0.17372428069176457
2,AGE-SQUARED,0.12920926390982518
3,SEX_Male,0.10942128005150831
4,NOC,0.104196303032162
5,HISP_non-Hispanic,0.024242419196125766
6,WKWN,0.003817524275991915
7,TOTAL,1.0000000000000002
8,% Variance Explained (R²),0.17643623101810602
9,N,26653
