,Predictor or Set of Predictors,Standardized Dominance with OCCP & INDP
0,occupation_industry,0.6197309684986037
1,age,0.13499339098172652
2,sex_parenthood,0.09242279132300574
3,time_worked,0.08938831825125376
4,state,0.05229186295337992
5,ethnicity,0.011172667992030358
6,TOTAL,1.0
7,% Variance Explained (R²),0.38860412076772166
8,N,1359037
